Emp_ID,Shift_ID,Day
355,10,Tuesday
355,11,Tuesday
355,12,Tuesday
355,10,Thursday
355,11,Thursday
355,12,Thursday
355,13,Thursday
355,14,Thursday
355,12,Saturday
355,13,Saturday
355,14,Saturday
361,10,Monday
361,11,Monday
361,12,Monday
361,10,Wednesday
361,11,Wednesday
361,12,Wednesday
361,12,Friday
361,13,Friday
361,14,Friday
361,12,Sunday
361,13,Sunday
361,14,Sunday
378,13,Tuesday
378,14,Tuesday
378,10,Thursday
378,11,Thursday
378,13,Thursday
378,14,Thursday
378,10,Saturday
378,11,Saturday
380,2,Wednesday
380,3,Wednesday
380,4,Wednesday
380,2,Friday
380,3,Friday
380,4,Friday
407,10,Monday
407,11,Monday
407,12,Monday
407,12,Sunday
407,13,Sunday
407,14,Sunday
409,5,Monday
409,6,Monday
409,8,Monday
409,9,Monday
409,5,Wednesday
409,6,Wednesday
409,8,Friday
409,9,Friday
409,5,Sunday
409,6,Sunday
409,8,Sunday
409,9,Sunday
410,11,Tuesday
410,12,Tuesday
410,11,Wednesday
410,12,Wednesday
410,12,Friday
410,13,Friday
410,12,Saturday
410,13,Saturday
412,1,Friday
412,1,Saturday
413,2,Tuesday
413,3,Tuesday
413,4,Tuesday
413,2,Saturday
413,3,Saturday
413,4,Saturday
417,5,Monday
417,6,Monday
417,7,Monday
417,7,Sunday
417,8,Sunday
417,9,Sunday
419,5,Tuesday
419,6,Tuesday
419,7,Tuesday
419,5,Thursday
419,6,Thursday
419,7,Thursday
419,8,Thursday
419,9,Thursday
419,7,Saturday
419,8,Saturday
419,9,Saturday
428,1,Monday
428,1,Wednesday
429,10,Tuesday
429,10,Wednesday
429,14,Friday
429,14,Saturday
439,1,Tuesday
439,1,Thursday
446,2,Monday
446,3,Monday
446,4,Monday
446,2,Sunday
446,3,Sunday
446,4,Sunday
455,2,Monday
455,3,Monday
455,2,Wednesday
455,3,Wednesday
455,3,Friday
455,4,Friday
455,3,Sunday
455,4,Sunday
457,7,Monday
457,8,Monday
457,9,Monday
457,7,Wednesday
457,8,Wednesday
457,9,Wednesday
457,5,Friday
457,6,Friday
457,7,Friday
457,5,Sunday
457,6,Sunday
457,7,Sunday
469,7,Wednesday
469,8,Wednesday
469,9,Wednesday
469,5,Friday
469,6,Friday
469,7,Friday
491,1,Sunday
502,13,Monday
502,14,Monday
502,10,Sunday
502,11,Sunday
512,13,Tuesday
512,14,Tuesday
512,13,Wednesday
512,14,Wednesday
512,10,Friday
512,11,Friday
512,10,Saturday
512,11,Saturday
527,7,Tuesday
527,8,Tuesday
527,9,Tuesday
527,5,Saturday
527,6,Saturday
527,7,Saturday
541,4,Monday
541,4,Wednesday
541,2,Friday
541,2,Sunday
550,13,Monday
550,14,Monday
550,13,Wednesday
550,14,Wednesday
550,10,Friday
550,11,Friday
550,10,Sunday
550,11,Sunday
551,2,Tuesday
551,3,Tuesday
551,4,Tuesday
551,2,Thursday
551,3,Thursday
551,4,Thursday
551,2,Saturday
551,3,Saturday
551,4,Saturday
556,8,Tuesday
556,9,Tuesday
556,5,Thursday
556,6,Thursday
556,8,Thursday
556,9,Thursday
556,5,Saturday
556,6,Saturday
601,5,Tuesday
601,6,Tuesday
601,5,Wednesday
601,6,Wednesday
601,8,Friday
601,9,Friday
601,8,Saturday
601,9,Saturday
