Emp_ID,First_Name,Last_Name,DOB,Phone,Email,Role_ID
355,AVA,GRACIA,4/12/2000,+1 267-481-9623,graciaa9@purdue.edu,4
361,LIAM,WILLIAMS,8/6/2000,+1 224-478-5416,williamsl3@purdue.edu,4
378,SOPHIA,LI,10/27/1997,+1 609-480-9001,lis1@purdue.edu,4
380,HENRY,LI,9/18/1999,+1 650-477-3658,lih4@purdue.edu,2
407,STEVEN,HERNANDEZ,4/13/2000,+1 847-477-3238,hernandezs5@purdue.edu,4
409,LIZ,WILLIAMS,6/5/1999,+1 312-485-2065,williamsl5@purdue.edu,3
410,ALEX,MOORE,11/20/1997,+1 847-484-9900,moorea4@purdue.edu,4
412,LIUCAS,JOHNSON,11/19/1998,+1 224-485-7495,johnsonl8@purdue.edu,1
413,SAM,HARRIS,6/4/2000,+1 650-477-1263,harriss7@purdue.edu,2
417,FRANK,TAYLOR,2/11/1999,+1 224-483-2302,taylorf1@purdue.edu,3
419,GEORGE,MOORE,12/27/1996,+1 650-481-2236,mooreg0@purdue.edu,2
428,HARP,ANDERSON,6/11/1997,+1 312-483-1712,andersonh6@purdue.edu,1
429,EVELYN,SINGH,2/24/1996,+1 765-479-9623,singhe5@purdue.edu,4
440,ALICE,SMITH,6/14/1996,+1 765-480-8844,smitha7@purdue.edu,3
439,OLIVIA,DAVIS,4/24/1996,+1 765-480-8624,daviso9@purdue.edu,3
444,BENJAMIN,JONES,7/2/1998,+1 765-482-2092,jonesb1@purdue.edu,1
446,THOMAS,BROWN,7/21/1999,+1 267-480-8171,brownt6@purdue.edu,2
455,ELIJAH,BROWN,10/18/1997,+1 847-477-9544,browne0@purdue.edu,2
457,OLIVER,JONES,3/16/1997,+1 312-478-1597,joneso1@purdue.edu,3
469,MIA,WILSON,9/4/2000,+1 765-484-3936,wilsonm0@purdue.edu,3
491,VIRGINA,LOPEZ,8/10/2000,+1 765-478-4718,lopezv3@purdue.edu,1
502,HARRY,JACKSON,1/12/2000,+1 765-480-9058,jacksonh7@purdue.edu,4
512,ISABELLA,SMITH,9/3/1998,+1 765-480-4256,smithi7@purdue.edu,4
527,SUSAN,WHITE,4/5/1996,+1 765-485-7258,whites7@purdue.edu,3
541,CHARLOTTE,MARTINEZ,6/12/1996,+1 765-478-2646,martinezc0@purdue.edu,2
550,NOAH,JOHNSON,8/22/1996,+1 650-476-3499,johnsonn2@purdue.edu,4
551,WILLIAM,WANG,10/12/2000,+1 765-483-2245,wangw7@purdue.edu,2
556,EMMA,MILLER,7/21/1999,+1 267-483-5751,millere7@purdue.edu,3
601,MARY,JOHNSON,1/3/1999,+1 609-480-7128,johnsonm0@purdue.edu,3
