Item_ID,Item_Name,Category_ID
1001,Bacon Pre Cooked,1005
1002,Plain Bagel,1007
1003,Everything Bagel,1007
1004,Cheese 4 Shred,1004
1005,Cheese Cheddar Medium,1004
1006,Cheese Cheddar Mild,1004
1007,Cheese Cream PC,1004
1008,Cheese Pepper Jack,1004
1009,Cheese Provolone Sliced,1004
1010,Wheat Bread,1007
1011,Croutons ,1004
1012,Cucumber Large ,1008
1013,Cup Cold,1002
1014,Cup Hot,1002
1015,Dressing Caesar Crmy Kraft,1004
1016,Dressing French Catalina,1004
1017,Dressing Italian Fat Free,1004
1018,Dressing Ranch Kraft,1004
1019,Drink Carrier,1002
1020,Egg,1005
1021,Frappe Mix Kona Mocha,1001
1022,Frappe Mix Vanilla,1001
1023,Ham Sliced Honey,1005
1024,Lettuce Leaf Green Crowns,1008
1025,Lettuce Romaine Chopped ,1008
1026,Lid Cold,1002
1027,Lid Hot,1002
1028,Lid Sip,1002
1029,Mayonnaise,1004
1030,Milk Almond Lyon Barista,1006
1031,Milk Oat,1006
1032,Muffin Yogurt Blueberry,1006
1033,Muffin Yogurt Choc Chip,1006
1034,Muffin Yogurt Iced Lemon,1006
1035,Muffin Yogurt Pumpkin,1006
1036,Muffin Yogurt Red Velvet,1006
1037,Olives Ripe,1004
1038,Onion Red,1008
1039,Pepper Green,1008
1040,Pepproni Sliced,1004
1041,Pickle Dill Hamburger Sliced,1004
1042,Roll Ciabetta White Sliced,1007
1043,Salad Chicken Caesar,1009
1044,Salad Chicken Fajita,1009
1045,Salad Garden,1009
1046,Salad Mozzarella Tomato,1009
1047,Sandwich Grilled Veg Spicy Feta,1009
1048,Sandwich Ham Turkey,1009
1049,Sandwich Healthy One ,1009
1050,Sandwich Kickin Chicken,1009
1051,Sandwich Nutella Berry Crunch,1009
1052,Sandwich PB&J Crunch,1009
1053,Sandwich Smoked Turkey,1009
1054,Sandwich Trio Slider,1009
1055,Sandwich Turkey Cheddar,1009
1056,Sauce BBQ Bulls Eye ,1004
1057,Sauce Caramel Torani,1001
1058,Sauce Chocolate Torani,1001
1059,Sauce Pizza Tomato,1004
1060,Sausage Italian Old World ,1005
1061,Sausage Patty,1005
1062,Smoothie Mix Mango Monin,1001
1063,Smoothie Mix Peach Monin,1001
1064,Smoothie Mix Strawberry Monin,1001
1065,Spinach Fresh Cleaned & Trimmed ,1008
1066,Sugar Granulated,1001
1067,Tea Black Iced,1001
1068,Tea Black Iced Passion,1001
1069,Tea Black Iced Watermelon,1001
1070,Tea Ginger Green Iced,1001
1071,Tea Tazo Chai Concentrate ,1001
1072,Tomato,1008
1073,Towel Paper ,1002
1074,Wrap Chicken Caesar,1009
1075,Wrap Club,1009
1076,Ds Cup Coke Eco 22oz,1010
1077,Ds Lid Coke Eco 16/22oz,1010
1078,Syrup Butterscotch Torani,1011
1079,Syrup Caramel,1011
1080,Syrup Cinnamon,1011
1081,Syrup French Vanilla,1011
1082,Syrup Hazelnut,1011
1083,Drink Syrup Glaceau Water,1001
1084,Soft Drink Syrup,1001
1085,Cream Half and Half Fresh,1001
1086,Milk Whole Gallon,1001
1087,Coffee Blueberry Cinnamon Crumb,1001
1088,Coffee Chocolate Raspberry Noble,1001
1089,Coffee Classic Blend Noble,1001
1090,Coffee Espresso Blend Noble,1001
1091,Coffee Highlander Grogg Noble,1001
1092,Coffee Jamaican Me Crazy Noble,1001
1093,Coffee Jamaican Me Nuts Noble,1001
1094,Coffee Vanilla Macademia Nut Noble,1001
1095,Bagel Blueberry Sliced,1006
1096,Bagel Everything Sliced,1006
1097,Bagel Plain Sliced,1006
1098,Ds Bag Bakery White Waxed,1002
1099,Ds Cont Clear Hinged 48 Oz,1002
1100,Ds Cup Clear 16 Oz Greenware ,1002
1101,Ds Gloves Vinyl Powderfree Large,1002
1102,Ds Gloves Vinyl Powderfree Medium,1002
1103,Ds Gloves Vinyl Powderfree Small,1002
1104,Ds Gloves Vinyl Powderfree X Large,1002
1105,Ds Napkin Brown Dispenser,1002
1106,Ds Scouring Pad Green Medium,1002
1107,Ds Straw 7.75 Wrapped White Composer,1002
1108,Ds Thermal Cash Register Paper,1002
1109,Ds Wipe Pads Alcohol,1002
1110,Ds Wrap Film 18x3000,1002
1111,Ds Wrap Sandwich Brown,1002
1112,Ds Wrap Sandwich White,1002
1113,Chicken BB Diced,1003
1114,Egg Patty Fried w/ Pinched Yolk,1005
1115,Dip Guacamole Western,1004
