Product_ID,Product_Name,Meal_Price,Credit_Price
1,Butterbeer Latte,0,4.69
2,Fountain Drink,0,1.89
3,Water Cup,0,0.25
4,Monster Zero Ultra 16 oz,0,2.89
5,Minute Maid 20 oz Bottles,0,1.99
6,Body Armor Water,0,2.29
7,Body Armor Flavor,0,2.79
8,Dasani 20 oz,0,1.79
9,Cookies,0,1.49
10,Muffin,0,2.49
11,Cinnamon Roll,0,3.29
12,Mini Muffin Cup,0,2.99
13,Slice of Bread,0,0.99
14,Fruit,0,0.99
15,Potato Chips,0,0.99
16,Hard Cooked Egg,0,1.49
17,OTG Lunch Box,8.75,8.75
18,OTG Sushi Boss Box,8.75,8.75
19,OTG Grab & Go,8.75,8.75
20,Rise and Shine,8.75,5.59
21,Ponchos BBQ Chicken,8.75,5.59
22,Cheeser Pleaser,8.75,5.59
23,Mama Mia,8.86,5.59
24,Veggilicious,8.75,6.48
25,Ceasar with Chix,8.75,5.89
26,Cobb,8.75,5.89
27,Extra Meat,0,1.79
28,Blooming Breakfast,8.75,4.09
29,California Dream,8.75,5.89
30,Veg n wrap,8.75,5.89
31,Lawson Club,8.75,5.89
32,Blended Beverage,0,5.29
